{
    "_items": [
        {
            "_items": [
                "15",
                "64",
                "88"
            ],
            "front": "15",
            "name": "numbers",
            "rear": "88"
        },
        {
            "_items": [
                "list",
                "dict",
                "tuple"
            ],
            "front": "list",
            "name": "data_structures",
            "rear": "tuple"
        },
        {
            "_items": [
                "a",
                "b",
                "c"
            ],
            "front": "a",
            "name": "characters",
            "rear": "c"
        },
        {
            "_items": [
                "blue",
                "red",
                "green"
            ],
            "front": "blue",
            "name": null,
            "rear": "green"
        }
    ]
}